{"cameraMode":{"drawMode":0,"name":"Shaded","section":"Shading Mode"},"sceneLighting":false,"audioPlay":false,"sceneViewState":{"showFog":true,"showMaterialUpdate":true,"showSkybox":true,"showFlares":true,"showImageEffects":true,"showParticleSystems":true},"in2DMode":false,"pivot":{"x":0.0,"y":0.6000000238418579,"z":-6.878047943115234},"rotation":{"x":0.0026983004063367845,"y":-0.9539579749107361,"z":0.29980534315109255,"w":0.008585715666413308},"size":2.8578836917877199,"orthographic":false}