{"cameraMode":{"drawMode":0,"name":"Shaded","section":"Shading Mode"},"sceneLighting":false,"audioPlay":false,"sceneViewState":{"showFog":true,"showMaterialUpdate":true,"showSkybox":true,"showFlares":true,"showImageEffects":true,"showParticleSystems":true},"in2DMode":false,"pivot":{"x":0.1308450698852539,"y":0.23387941718101502,"z":0.03606482595205307},"rotation":{"x":-0.045271165668964389,"y":0.6750713586807251,"z":-0.7351879477500916,"w":-0.04156935214996338},"size":1.7401847839355469,"orthographic":false}