{"cameraMode":{"drawMode":0,"name":"Shaded","section":"Shading Mode"},"sceneLighting":false,"audioPlay":false,"sceneViewState":{"showFog":true,"showMaterialUpdate":true,"showSkybox":true,"showFlares":true,"showImageEffects":true,"showParticleSystems":true},"in2DMode":false,"pivot":{"x":0.9879999160766602,"y":0.5199999809265137,"z":-2.996999740600586},"rotation":{"x":0.4938044250011444,"y":0.07157942652702332,"z":-0.040831565856933597,"w":0.8656595349311829},"size":2.336021900177002,"orthographic":false}