{"cameraMode":{"drawMode":0,"name":"Shaded","section":"Shading Mode"},"sceneLighting":false,"audioPlay":false,"sceneViewState":{"showFog":true,"showMaterialUpdate":true,"showSkybox":true,"showFlares":true,"showImageEffects":true,"showParticleSystems":true},"in2DMode":false,"pivot":{"x":4.089321136474609,"y":-3.843473196029663,"z":-14.122419357299805},"rotation":{"x":-0.016895709559321405,"y":0.9305952787399292,"z":-0.3630865216255188,"w":-0.04330393671989441},"size":2.857884645462036,"orthographic":false}