{"cameraMode":{"drawMode":1,"name":"Wireframe","section":"Shading Mode"},"sceneLighting":true,"audioPlay":false,"sceneViewState":{"showFog":true,"showMaterialUpdate":true,"showSkybox":true,"showFlares":true,"showImageEffects":true,"showParticleSystems":true},"in2DMode":false,"pivot":{"x":0.24554443359375,"y":3.29510498046875,"z":-1.786712646484375},"rotation":{"x":-0.11153005808591843,"y":0.8493552803993225,"z":-0.1986546665430069,"w":-0.4763953983783722},"size":416.94610595703127,"orthographic":false}