{"cameraMode":{"drawMode":0,"name":"Shaded","section":"Shading Mode"},"sceneLighting":false,"audioPlay":false,"sceneViewState":{"showFog":true,"showMaterialUpdate":true,"showSkybox":true,"showFlares":true,"showImageEffects":true,"showParticleSystems":true},"in2DMode":false,"pivot":{"x":-0.006899581756442785,"y":0.1738005429506302,"z":-6.6806159019470219},"rotation":{"x":0.006482632830739021,"y":-0.9733845591545105,"z":0.22739964723587037,"w":0.027748839929699899},"size":3.457883596420288,"orthographic":false}