{"cameraMode":{"drawMode":0,"name":"Shaded","section":"Shading Mode"},"sceneLighting":false,"audioPlay":false,"sceneViewState":{"showFog":true,"showMaterialUpdate":true,"showSkybox":true,"showFlares":true,"showImageEffects":true,"showParticleSystems":true},"in2DMode":false,"pivot":{"x":-0.22158724069595338,"y":0.6361774206161499,"z":-0.5553264617919922},"rotation":{"x":-0.6700794696807861,"y":0.010019862093031407,"z":-0.009046623483300209,"w":-0.7421665787696838},"size":6.009001731872559,"orthographic":false}