{"cameraMode":{"drawMode":0,"name":"Shaded","section":"Shading Mode"},"sceneLighting":false,"audioPlay":false,"sceneViewState":{"showFog":true,"showMaterialUpdate":true,"showSkybox":true,"showFlares":true,"showImageEffects":true,"showParticleSystems":true},"in2DMode":false,"pivot":{"x":-1.3626749515533448,"y":-11.023290634155274,"z":-13.214287757873536},"rotation":{"x":-0.016895709559321405,"y":0.9305952787399292,"z":-0.3630865216255188,"w":-0.04330393671989441},"size":2.8578836917877199,"orthographic":false}