{"cameraMode":{"drawMode":1,"name":"Wireframe","section":"Shading Mode"},"sceneLighting":true,"audioPlay":false,"sceneViewState":{"showFog":true,"showMaterialUpdate":true,"showSkybox":true,"showFlares":true,"showImageEffects":true,"showParticleSystems":true},"in2DMode":false,"pivot":{"x":-8.54121208190918,"y":-1.2673789262771607,"z":-5.7353925704956059},"rotation":{"x":-0.12287096679210663,"y":0.5540562868118286,"z":-0.08299636840820313,"w":-0.8192887902259827},"size":15.120530128479004,"orthographic":false}