{"cameraMode":{"drawMode":0,"name":"Shaded","section":"Shading Mode"},"sceneLighting":false,"audioPlay":false,"sceneViewState":{"showFog":true,"showMaterialUpdate":true,"showSkybox":true,"showFlares":true,"showImageEffects":true,"showParticleSystems":true},"in2DMode":false,"pivot":{"x":-3.7048959732055666,"y":4.134077548980713,"z":-0.11893128603696823},"rotation":{"x":-0.05959188938140869,"y":-0.9402719736099243,"z":0.22860635817050935,"w":-0.24510528147220612},"size":3.182706594467163,"orthographic":false}