{"cameraMode":{"drawMode":1,"name":"Wireframe","section":"Shading Mode"},"sceneLighting":true,"audioPlay":false,"sceneViewState":{"showFog":true,"showMaterialUpdate":true,"showSkybox":true,"showFlares":true,"showImageEffects":true,"showParticleSystems":true},"in2DMode":false,"pivot":{"x":1.1985833644866944,"y":1.0557987689971924,"z":-1.2046886682510377},"rotation":{"x":-0.11295817792415619,"y":0.848755419254303,"z":-0.2012021541595459,"w":-0.47605881094932558},"size":416.94610595703127,"orthographic":false}