{"cameraMode":{"drawMode":1,"name":"Wireframe","section":"Shading Mode"},"sceneLighting":true,"audioPlay":false,"sceneViewState":{"showFog":true,"showMaterialUpdate":true,"showSkybox":true,"showFlares":true,"showImageEffects":true,"showParticleSystems":true},"in2DMode":false,"pivot":{"x":-37.14448928833008,"y":348.8840026855469,"z":136.279052734375},"rotation":{"x":0.03428369760513306,"y":0.9551506042480469,"z":-0.26743319630622866,"w":0.1224459782242775},"size":821.6165161132813,"orthographic":false}