{"cameraMode":{"drawMode":0,"name":"Shaded","section":"Shading Mode"},"sceneLighting":false,"audioPlay":false,"sceneViewState":{"showFog":true,"showMaterialUpdate":true,"showSkybox":true,"showFlares":true,"showImageEffects":true,"showParticleSystems":true},"in2DMode":false,"pivot":{"x":-0.2666562795639038,"y":-1.3994734287261963,"z":-0.18388418853282929},"rotation":{"x":-0.035942066460847858,"y":0.727610170841217,"z":-0.6839808821678162,"w":-0.03823469951748848},"size":5.04018497467041,"orthographic":false}